T0301_BF,T0301_FEED_STAGE,T0301_BASIS_RR,ADN_FRAC,ADN_FLOW
0.856143389247442,10.6389792754841,1.46560598726448,0.999901368,21917.6601
