FLOW_S7,FLOW_S8,P_EVAP,P_COND,PROFIT,EFF
51.4626017800489,47.0703729866601,2.75111192240415,0.600154457395004,-1593163.3030072,10.9713848763025
