T0301_BF,T0301_FEED_STAGE,T0301_BASIS_RR,ADN_FRAC,ADN_FLOW
0.827904948465318,11.6340533673414,2.28709068223702,0.999897958,21194.7311
