{"timestamp":"2025-11-21 13:38:48","feasibleRanges":{"FLOW_S7":[50.526315789473685,51.578947368421055],"FLOW_S8":[41.05263157894737,51.578947368421055],"P_EVAP":[2,5],"P_COND":[0.5,1.5]},"scanResults":{"FLOW_S7":{"convergenceRate":10,"feasibleRange":[50.526315789473685,51.578947368421055]},"FLOW_S8":{"convergenceRate":55.000000000000007,"feasibleRange":[41.05263157894737,51.578947368421055]},"P_EVAP":{"convergenceRate":100,"feasibleRange":[2,5]},"P_COND":{"convergenceRate":100,"feasibleRange":[0.5,1.5]}}}