Variable,FeasibleMin,FeasibleMax,ConvergenceRate
FLOW_S7,50.526316,51.578947,10.00
FLOW_S8,41.052632,51.578947,55.00
P_EVAP,2.000000,5.000000,100.00
P_COND,0.500000,1.500000,100.00
