FLOW_S7,Converged
40.000000,0
41.052632,0
42.105263,0
43.157895,0
44.210526,0
45.263158,0
46.315789,0
47.368421,0
48.421053,0
49.473684,0
50.526316,1
51.578947,1
52.631579,0
53.684211,0
54.736842,0
55.789474,0
56.842105,0
57.894737,0
58.947368,0
60.000000,0
