{"variableName":"FLOW_S8","testValues":[40,41.05263157894737,42.10526315789474,43.1578947368421,44.210526315789473,45.263157894736842,46.315789473684212,47.368421052631575,48.421052631578945,49.473684210526315,50.526315789473685,51.578947368421055,52.631578947368425,53.684210526315788,54.736842105263158,55.789473684210527,56.84210526315789,57.89473684210526,58.94736842105263,60],"convergency":[false,true,true,true,true,true,true,true,true,true,true,true,false,false,false,false,false,false,false,false],"convergenceRate":55.000000000000007,"feasibleRange":[41.05263157894737,51.578947368421055],"feasibleIntervals":[41.05263157894737,51.578947368421055]}