{"variableName":"P_COND","testValues":[0.5,0.55263157894736836,0.60526315789473684,0.65789473684210531,0.71052631578947367,0.763157894736842,0.81578947368421051,0.868421052631579,0.92105263157894735,0.97368421052631571,1.0263157894736841,1.0789473684210527,1.131578947368421,1.1842105263157894,1.236842105263158,1.2894736842105263,1.3421052631578947,1.3947368421052633,1.4473684210526314,1.5],"convergency":[true,true,true,true,true,true,true,true,true,true,true,true,true,true,true,true,true,true,true,true],"convergenceRate":100,"feasibleRange":[0.5,1.5],"feasibleIntervals":[0.5,1.5]}