P_EVAP,Converged
2.000000,1
2.157895,1
2.315789,1
2.473684,1
2.631579,1
2.789474,1
2.947368,1
3.105263,1
3.263158,1
3.421053,1
3.578947,1
3.736842,1
3.894737,1
4.052632,1
4.210526,1
4.368421,1
4.526316,1
4.684211,1
4.842105,1
5.000000,1
