{"variableName":"P_EVAP","testValues":[2,2.1578947368421053,2.3157894736842106,2.4736842105263159,2.6315789473684212,2.7894736842105265,2.9473684210526314,3.1052631578947372,3.263157894736842,3.4210526315789473,3.5789473684210527,3.736842105263158,3.8947368421052628,4.0526315789473681,4.2105263157894743,4.3684210526315788,4.5263157894736841,4.6842105263157894,4.8421052631578947,5],"convergency":[true,true,true,true,true,true,true,true,true,true,true,true,true,true,true,true,true,true,true,true],"convergenceRate":100,"feasibleRange":[2,5],"feasibleIntervals":[2,5]}