R101_FEED_TEMP,R101_FEED_PRES,SA_FRAC,SA_FLOW
88.2896719211326,1.79930550755157,0.253503973,86.7750488
